Workbook

Sheet 안내_계정설정
B4: 값
A5: 최대 계정 레벨 | B5: 50
A6: 신규 계정 시작 레벨 | B6: 1
A7: 신규 계정 시작 경험치 | B7: 0
A8: 첫 레벨업 필요 경험치 | B8: 500
A9: 여러 레벨 상승 시 잔여 경험치 | B9: 이월
A10: 최대 레벨 경험치 처리 | B10: 추가 경험치 미적립
A13: 레벨당 필요 경험치 증가 | B13: 100
A14: 보스 기준 경험치 | B14: 100

Sheet 계정레벨
B4: 다음 레벨 필요 경험치 | C4: 레벨 도달 누적 경험치(자동)
A5: 1 | B5: =IF(A5>='안내_계정설정'!$B$5,"",'안내_계정설정'!$B$8+(A5-1)*'안내_계정설정'!$B$13) -> 500 | C5: =IF(A5="","",IF(A5=1,0,"")) -> 0
A6: 2 | B6: =IF(A6>='안내_계정설정'!$B$5,"",'안내_계정설정'!$B$8+(A6-1)*'안내_계정설정'!$B$13) -> 600 | C6: =IF(A6="","",IF(AND(ISNUMBER(A5),A6=A5+1,ISNUMBER(B5),B5>0,ISNUMBER(C5)),C5+B5,"")) -> 500
A7: 3 | B7: =IF(A7>='안내_계정설정'!$B$5,"",'안내_계정설정'!$B$8+(A7-1)*'안내_계정설정'!$B$13) -> 700 | C7: =IF(A7="","",IF(AND(ISNUMBER(A6),A7=A6+1,ISNUMBER(B6),B6>0,ISNUMBER(C6)),C6+B6,"")) -> 1100
A8: 4 | B8: =IF(A8>='안내_계정설정'!$B$5,"",'안내_계정설정'!$B$8+(A8-1)*'안내_계정설정'!$B$13) -> 800 | C8: =IF(A8="","",IF(AND(ISNUMBER(A7),A8=A7+1,ISNUMBER(B7),B7>0,ISNUMBER(C7)),C7+B7,"")) -> 1800
A9: 5 | B9: =IF(A9>='안내_계정설정'!$B$5,"",'안내_계정설정'!$B$8+(A9-1)*'안내_계정설정'!$B$13) -> 900 | C9: =IF(A9="","",IF(AND(ISNUMBER(A8),A9=A8+1,ISNUMBER(B8),B8>0,ISNUMBER(C8)),C8+B8,"")) -> 2600
A10: 6 | B10: =IF(A10>='안내_계정설정'!$B$5,"",'안내_계정설정'!$B$8+(A10-1)*'안내_계정설정'!$B$13) -> 1000 | C10: =IF(A10="","",IF(AND(ISNUMBER(A9),A10=A9+1,ISNUMBER(B9),B9>0,ISNUMBER(C9)),C9+B9,"")) -> 3500
A11: 7 | B11: =IF(A11>='안내_계정설정'!$B$5,"",'안내_계정설정'!$B$8+(A11-1)*'안내_계정설정'!$B$13) -> 1100 | C11: =IF(A11="","",IF(AND(ISNUMBER(A10),A11=A10+1,ISNUMBER(B10),B10>0,ISNUMBER(C10)),C10+B10,"")) -> 4500
A12: 8 | B12: =IF(A12>='안내_계정설정'!$B$5,"",'안내_계정설정'!$B$8+(A12-1)*'안내_계정설정'!$B$13) -> 1200 | C12: =IF(A12="","",IF(AND(ISNUMBER(A11),A12=A11+1,ISNUMBER(B11),B11>0,ISNUMBER(C11)),C11+B11,"")) -> 5600
A13: 9 | B13: =IF(A13>='안내_계정설정'!$B$5,"",'안내_계정설정'!$B$8+(A13-1)*'안내_계정설정'!$B$13) -> 1300 | C13: =IF(A13="","",IF(AND(ISNUMBER(A12),A13=A12+1,ISNUMBER(B12),B12>0,ISNUMBER(C12)),C12+B12,"")) -> 6800
A14: 10 | B14: =IF(A14>='안내_계정설정'!$B$5,"",'안내_계정설정'!$B$8+(A14-1)*'안내_계정설정'!$B$13) -> 1400 | C14: =IF(A14="","",IF(AND(ISNUMBER(A13),A14=A13+1,ISNUMBER(B13),B13>0,ISNUMBER(C13)),C13+B13,"")) -> 8100
A15: 11 | B15: =IF(A15>='안내_계정설정'!$B$5,"",'안내_계정설정'!$B$8+(A15-1)*'안내_계정설정'!$B$13) -> 1500 | C15: =IF(A15="","",IF(AND(ISNUMBER(A14),A15=A14+1,ISNUMBER(B14),B14>0,ISNUMBER(C14)),C14+B14,"")) -> 9500
A16: 12 | B16: =IF(A16>='안내_계정설정'!$B$5,"",'안내_계정설정'!$B$8+(A16-1)*'안내_계정설정'!$B$13) -> 1600 | C16: =IF(A16="","",IF(AND(ISNUMBER(A15),A16=A15+1,ISNUMBER(B15),B15>0,ISNUMBER(C15)),C15+B15,"")) -> 11000
A17: 13 | B17: =IF(A17>='안내_계정설정'!$B$5,"",'안내_계정설정'!$B$8+(A17-1)*'안내_계정설정'!$B$13) -> 1700 | C17: =IF(A17="","",IF(AND(ISNUMBER(A16),A17=A16+1,ISNUMBER(B16),B16>0,ISNUMBER(C16)),C16+B16,"")) -> 12600
... A54: 50 | B54: =IF(A54>='안내_계정설정'!$B$5,"",'안내_계정설정'!$B$8+(A54-1)*'안내_계정설정'!$B$13) | C54: =IF(A54="","",IF(AND(ISNUMBER(A53),A54=A53+1,ISNUMBER(B53),B53>0,ISNUMBER(C53)),C53+B53,"")) -> 142100

Sheet 전투경험치
B4: 모드 | C4: 종료 상태 | D4: 지급 여부 | E4: 산정 기준 | F4: 기본 경험치 | G4: 보스 100% 기준 경험치 | H4: 보스별 인정 비율 상한
A5: NORMAL_WIN | B5: NORMAL | C5: 승리 | D5: 지급 | E5: 보스별 최대 HP 감소 비율 | F5: 0 | G5: ='안내_계정설정'!$B$14 -> 100 | H5: 1
A6: NORMAL_LOSE | B6: NORMAL | C6: 패배 | D6: 지급 | E6: 보스별 최대 HP 감소 비율 | F6: 0 | G6: ='안내_계정설정'!$B$14 -> 100 | H6: 1
A7: NORMAL_QUIT | B7: NORMAL | C7: 중도 종료 | D7: 미지급 | E7: 보스별 최대 HP 감소 비율 | F7: 0 | G7: ='안내_계정설정'!$B$14 -> 100 | H7: 1
A8: TUTORIAL | B8: TUTORIAL | C8: 튜토리얼 종료 | D8: 미지급 | E8: 보스별 최대 HP 감소 비율 | F8: 0 | G8: ='안내_계정설정'!$B$14 -> 100 | H8: 1

Sheet 획득량_예시
B4: 완료한 보스 수 | C4: 마지막 보스 HP 감소 비율 | D4: 계정 경험치(자동)
A5: 절반만 깎고 패배 | B5: 0 | C5: 0.5 | D5: =ROUNDDOWN((B5+MIN(1,MAX(0,C5)))*'안내_계정설정'!$B$14,0) -> 50
A6: 한 마리 처치 | B6: 1 | C6: 0 | D6: =ROUNDDOWN((B6+MIN(1,MAX(0,C6)))*'안내_계정설정'!$B$14,0) -> 100
A7: 3마리 처치 + 다음 보스 절반 | B7: 3 | C7: 0.5 | D7: =ROUNDDOWN((B7+MIN(1,MAX(0,C7)))*'안내_계정설정'!$B$14,0) -> 350
A8: 30마리 처치 | B8: 30 | C8: 0 | D8: =ROUNDDOWN((B8+MIN(1,MAX(0,C8)))*'안내_계정설정'!$B$14,0) -> 3000
